380150923,0,0.002395019633695483,-0.0005987549084238708,0.0,0.0059875487349927425,9.855504989624023,0.0059875487349927425
380215383,0,0.0017962646670639515,-0.0005987549084238708,0.0,0.02634521573781967,9.768087387084961,-0.021555176004767418
380229579,0,0.0017962646670639515,0.0,0.0,0.03592529147863388,9.801617622375488,0.0059875487349927425
380240860,0,0.002395019633695483,0.0,0.0,0.004790039267390966,9.843530654907227,-0.011975097469985485
380251039,0,0.0017962646670639515,0.0,0.0,0.028740234673023224,9.778864860534668,-0.03233276307582855
380260957,0,0.0011975098168477416,0.0,-0.0005987549084238708,0.027542725205421448,9.795629501342773,0.010777588002383709
380271757,0,0.002395019633695483,0.0,0.0005987549084238708,0.025147704407572746,9.794432640075684,-0.0059875487349927425
380282738,0,0.0017962646670639515,0.0,0.0,0.03353027254343033,9.804012298583984,0.003592529334127903
380293438,0,0.002395019633695483,0.0,-0.0011975098168477416,-0.010777588002383709,9.795629501342773,0.004790039267390966
380303957,0,0.0017962646670639515,0.0,-0.0005987549084238708,0.028740234673023224,9.726174354553223,-0.03353027254343033
380314858,0,0.0011975098168477416,-0.0005987549084238708,0.0,0.010777588002383709,9.788444519042969,0.010777588002383709
380325898,0,0.0011975098168477416,0.0,0.0,0.034727782011032104,9.862689971923828,-0.008382568135857582
380336588,0,0.0017962646670639515,0.0,0.0005987549084238708,0.016765136271715164,9.742938995361328,-0.05628295987844467
380348690,0,0.0011975098168477416,0.0,0.0005987549084238708,0.0059875487349927425,9.747729301452637,0.009580078534781933
380360292,0,0.002395019633695483,-0.0005987549084238708,0.0,0.03353027254343033,9.747729301452637,-0.009580078534781933
380371433,0,0.0011975098168477416,0.0,-0.0005987549084238708,-0.008382568135857582,9.775272369384766,0.009580078534781933
380381592,0,0.0017962646670639515,-0.0005987549084238708,-0.0005987549084238708,0.029937744140625,9.802814483642578,-0.003592529334127903
380393343,0,0.0017962646670639515,0.0,0.0005987549084238708,0.01796264573931694,9.784852027893066,-0.03832031413912773
380403532,0,0.002395019633695483,0.0,0.0,0.04550537094473839,9.8291597366333,-0.010777588002383709
380413200,0,0.002395019633695483,0.0,0.0,0.011975097469985485,9.841135025024414,-0.008382568135857582
380422938,0,0.002395019633695483,0.0,-0.0005987549084238708,-0.002395019633695483,9.729766845703125,-0.05748046934604645
380433087,0,0.0011975098168477416,0.0,0.0,0.046702880412340164,9.823172569274902,-0.008382568135857582
380442635,0,0.0017962646670639515,0.0,0.0011975098168477416,0.04430786147713661,9.794432640075684,-0.021555176004767418
380452734,0,0.0017962646670639515,0.0,0.0005987549084238708,0.028740234673023224,9.802814483642578,-0.010777588002383709
380462722,0,0.002395019633695483,-0.0005987549084238708,0.0,0.03951782360672951,9.84233283996582,0.010777588002383709
380472901,0,0.002395019633695483,0.0,0.0005987549084238708,0.021555176004767418,9.788444519042969,0.0011975098168477416
380482910,0,0.0017962646670639515,-0.0005987549084238708,-0.0005987549084238708,0.021555176004767418,9.813592910766602,-0.014370117336511612
380493510,0,0.0017962646670639515,-0.0005987549084238708,0.0005987549084238708,0.020357666537165642,9.78245735168457,-0.004790039267390966
380504250,0,0.002395019633695483,-0.0005987549084238708,-0.0005987549084238708,0.013172607868909836,9.74533462524414,-0.014370117336511612
380514950,0,0.0017962646670639515,0.0,0.0005987549084238708,0.058677978813648224,9.757309913635254,0.014370117336511612
380525098,0,0.0017962646670639515,-0.0005987549084238708,0.0,-0.0011975098168477416,9.775272369384766,-0.003592529334127903
380535367,0,0.0011975098168477416,0.0,-0.0005987549084238708,0.022752685472369194,9.734557151794434,-0.027542725205421448
380545516,0,0.0011975098168477416,0.0,-0.0005987549084238708,0.0011975098168477416,9.79682731628418,-0.011975097469985485
380555655,0,0.002395019633695483,0.0005987549084238708,0.0,0.004790039267390966,9.768087387084961,-0.020357666537165642
380565644,0,0.0029937743674963713,0.0,0.0,0.015567626804113388,9.823172569274902,-0.040715333074331284
450541131,0,0.002395019633695483,0.0,0.0,0.01796264573931694,9.862689971923828,0.002395019633695483
451808157,0,0.002395019633695483,0.0,0.0,0.011975097469985485,9.802814483642578,-0.016765136271715164
501544456,0,0.002395019633695483,0.0,-0.0005987549084238708,0.019160157069563866,9.78245735168457,0.004790039267390966
501596423,0,0.0017962646670639515,-0.0005987549084238708,-0.0005987549084238708,0.020357666537165642,9.786049842834473,0.021555176004767418
501889127,0,0.0017962646670639515,0.0,-0.0005987549084238708,0.03951782360672951,9.789642333984375,-0.03592529147863388
503317182,0,0.002395019633695483,0.0,-0.0005987549084238708,0.04430786147713661,9.792037010192871,-0.03592529147863388
504713759,0,0.0017962646670639515,-0.0005987549084238708,-0.0005987549084238708,-0.002395019633695483,9.775272369384766,-0.0011975098168477416
505733705,0,0.0017962646670639515,0.0,0.0005987549084238708,-0.003592529334127903,9.79682731628418,0.013172607868909836
507306259,0,0.002395019633695483,0.0,0.0,0.008382568135857582,9.825567245483398,0.0011975098168477416
552042612,0,0.002395019633695483,-0.0005987549084238708,0.0005987549084238708,0.009580078534781933,9.790840148925781,0.002395019633695483
552083067,0,0.0029937743674963713,-0.0005987549084238708,0.0005987549084238708,0.003592529334127903,9.798025131225586,-0.019160157069563866
552786054,0,0.0017962646670639515,-0.0005987549084238708,0.0,0.040715333074331284,9.798025131225586,-0.003592529334127903
553715903,0,0.0017962646670639515,-0.0005987549084238708,0.0,0.05628295987844467,9.786049842834473,0.007185058668255806
555282806,0,0.0017962646670639515,-0.0005987549084238708,-0.0005987549084238708,0.015567626804113388,9.848320007324219,0.021555176004767418
556271274,0,0.002395019633695483,-0.0005987549084238708,0.0,0.034727782011032104,9.792037010192871,-0.008382568135857582
557719897,0,0.0011975098168477416,-0.0005987549084238708,0.0005987549084238708,0.031135253608226776,9.807604789733887,0.004790039267390966
558853003,0,0.0017962646670639515,-0.0005987549084238708,0.0,0.03353027254343033,9.807604789733887,0.0011975098168477416
604923958,0,0.0017962646670639515,0.0,0.0,0.031135253608226776,9.77407455444336,-0.004790039267390966
604962821,0,0.0017962646670639515,-0.0005987549084238708,-0.0011975098168477416,0.016765136271715164,9.760902404785156,0.002395019633695483
604976075,0,0.002395019633695483,0.0,0.0,0.011975097469985485,9.819580078125,0.008382568135857582
604986445,0,0.0017962646670639515,-0.0005987549084238708,0.0005987549084238708,0.019160157069563866,9.76928424835205,-0.02395019493997097
605769581,0,0.0011975098168477416,0.0,0.0011975098168477416,0.031135253608226776,9.762099266052246,-0.014370117336511612
654643286,0,0.0011975098168477416,0.0,0.0,0.0059875487349927425,9.781259536743164,0.002395019633695483
654701073,0,0.0017962646670639515,0.0,0.0005987549084238708,0.025147704407572746,9.787247657775879,-0.03233276307582855
654728504,0,0.0017962646670639515,-0.0005987549084238708,0.0005987549084238708,0.008382568135857582,9.813592910766602,0.019160157069563866
654750926,0,0.002395019633695483,0.0,0.0005987549084238708,0.025147704407572746,9.811197280883789,-0.011975097469985485
655933805,0,0.0017962646670639515,0.0,0.0,0.027542725205421448,9.768087387084961,-0.010777588002383709
705784487,0,0.0011975098168477416,-0.0005987549084238708,0.0,0.008382568135857582,9.787247657775879,0.015567626804113388
705841343,0,0.0017962646670639515,-0.0005987549084238708,0.0005987549084238708,0.015567626804113388,9.793234825134277,0.0
705865057,0,0.002395019633695483,0.0,0.0005987549084238708,0.028740234673023224,9.794432640075684,-0.031135253608226776
705886657,0,0.002395019633695483,0.0,-0.0005987549084238708,0.027542725205421448,9.806407928466797,-0.013172607868909836
705953882,0,0.0017962646670639515,0.0005987549084238708,0.0,0.004790039267390966,9.79682731628418,-0.0011975098168477416
769282252,0,0.0017962646670639515,-0.0005987549084238708,0.0005987549084238708,0.013172607868909836,9.766889572143555,-0.014370117336511612
769387948,0,0.002395019633695483,-0.0005987549084238708,0.0,0.02395019493997097,9.793234825134277,0.020357666537165642
769412043,0,0.002395019633695483,0.0005987549084238708,0.0005987549084238708,0.02634521573781967,9.814789772033691,-0.027542725205421448
769431840,0,0.0017962646670639515,0.0,0.0,0.01796264573931694,9.807604789733887,-0.0059875487349927425
769449352,0,0.0011975098168477416,0.0,-0.0005987549084238708,0.029937744140625,9.75012493133545,-0.003592529334127903
802019506,0,0.0017962646670639515,0.0,0.0,0.03712280094623566,9.778864860534668,-0.007185058668255806
802343589,0,0.0017962646670639515,0.0,0.0,0.019160157069563866,9.784852027893066,0.025147704407572746
803839560,0,0.0029937743674963713,0.0005987549084238708,0.0005987549084238708,0.022752685472369194,9.786049842834473,-0.027542725205421448
869213534,0,0.0017962646670639515,0.0,-0.0005987549084238708,0.029937744140625,9.813592910766602,-0.015567626804113388
869278104,0,0.0017962646670639515,-0.0005987549084238708,-0.0005987549084238708,-0.0011975098168477416,9.838740348815918,0.004790039267390966
869304533,0,0.0017962646670639515,0.0,-0.0005987549084238708,0.002395019633695483,9.8100004196167,-0.010777588002383709
869327956,0,0.002395019633695483,0.0,-0.0005987549084238708,0.029937744140625,9.843530654907227,-0.013172607868909836
869349987,0,0.002395019633695483,0.0,0.0,0.043110352009534836,9.83395004272461,0.03353027254343033
869372249,0,0.0017962646670639515,-0.0005987549084238708,0.0,0.010777588002383709,9.76928424835205,-0.016765136271715164
869393438,0,0.002395019633695483,-0.0005987549084238708,0.0005987549084238708,0.015567626804113388,9.811197280883789,0.0059875487349927425
902684314,0,0.0017962646670639515,0.0,0.0,0.008382568135857582,9.8291597366333,-0.004790039267390966
902755216,0,0.0017962646670639515,0.0,0.0,0.019160157069563866,9.770482063293457,-0.021555176004767418
902874127,0,0.0011975098168477416,-0.0005987549084238708,-0.0005987549084238708,0.02395019493997097,9.783655166625977,0.004790039267390966
903872924,0,0.002395019633695483,-0.0005987549084238708,0.0,0.016765136271715164,9.784852027893066,-0.009580078534781933
905824762,0,0.0017962646670639515,0.0,-0.0005987549084238708,0.02395019493997097,9.790840148925781,0.003592529334127903
971664253,0,0.0017962646670639515,-0.0005987549084238708,0.0,0.02634521573781967,9.830357551574707,0.0011975098168477416
971709507,0,0.002395019633695483,0.0005987549084238708,-0.0005987549084238708,0.03712280094623566,9.814789772033691,-0.015567626804113388
971728312,0,0.0011975098168477416,0.0,0.0005987549084238708,0.03353027254343033,9.786049842834473,-0.011975097469985485
971744342,0,0.0017962646670639515,-0.0005987549084238708,-0.0011975098168477416,0.01796264573931694,9.776470184326172,-0.002395019633695483
971760953,0,0.0017962646670639515,0.0,0.0005987549084238708,0.002395019633695483,9.790840148925781,-0.04191284254193306
1001298319,0,0.0017962646670639515,-0.0005987549084238708,-0.0005987549084238708,0.011975097469985485,9.78245735168457,-0.007185058668255806
1001428762,0,0.0017962646670639515,0.0,0.0005987549084238708,-0.010777588002383709,9.798025131225586,-0.016765136271715164
1002810441,0,0.0017962646670639515,0.0,0.0,0.008382568135857582,9.778864860534668,-0.043110352009534836
1003941434,0,0.0011975098168477416,-0.0005987549084238708,0.0011975098168477416,0.040715333074331284,9.792037010192871,-0.002395019633695483
1005460879,0,0.0017962646670639515,0.0,0.0005987549084238708,0.043110352009534836,9.790840148925781,-0.020357666537165642
1067523307,0,0.0017962646670639515,0.0,0.0005987549084238708,0.010777588002383709,9.783655166625977,-0.04550537094473839
1067566467,0,0.0011975098168477416,0.0,0.0,0.02634521573781967,9.819580078125,0.003592529334127903
1067580974,0,0.0017962646670639515,-0.0005987549084238708,0.0,0.013172607868909836,9.793234825134277,-0.008382568135857582
1067592145,0,0.0017962646670639515,0.0,0.0011975098168477416,0.03592529147863388,9.762099266052246,-0.025147704407572746
1067602784,0,0.0017962646670639515,0.0,0.0,0.003592529334127903,9.787247657775879,0.021555176004767418
1100884102,0,0.0017962646670639515,0.0,0.0,0.04430786147713661,9.760902404785156,-0.02634521573781967
1101824511,0,0.0017962646670639515,0.0,0.0,0.016765136271715164,9.778864860534668,-0.03233276307582855
1103377508,0,0.002395019633695483,-0.0005987549084238708,0.0005987549084238708,0.03592529147863388,9.804012298583984,-0.009580078534781933
1104378960,0,0.0017962646670639515,0.0005987549084238708,0.0,-0.0011975098168477416,9.763297080993652,-0.008382568135857582
1105788049,0,0.0017962646670639515,0.0,-0.0005987549084238708,0.011975097469985485,9.794432640075684,-0.0011975098168477416
1150722392,0,0.002395019633695483,-0.0005987549084238708,0.0,0.043110352009534836,9.784852027893066,-0.002395019633695483
1171679256,0,0.002395019633695483,0.0,0.0011975098168477416,0.031135253608226776,9.768087387084961,-0.031135253608226776
1171751621,0,0.0011975098168477416,-0.0005987549084238708,0.0,0.02634521573781967,9.857900619506836,0.015567626804113388
1171787838,0,0.0011975098168477416,-0.0005987549084238708,0.0005987549084238708,0.03712280094623566,9.811197280883789,0.008382568135857582
1171820379,0,0.0017962646670639515,0.0,0.0,-0.015567626804113388,9.770482063293457,-0.029937744140625
1201031118,0,0.002395019633695483,0.0,0.0005987549084238708,0.011975097469985485,9.77407455444336,0.0
1201827929,0,0.002395019633695483,-0.0005987549084238708,0.0005987549084238708,0.027542725205421448,9.812395095825195,-0.013172607868909836
1203458551,0,0.0017962646670639515,0.0,0.0005987549084238708,0.03353027254343033,9.777667045593262,-0.021555176004767418
1204406984,0,0.0017962646670639515,0.0,0.0,0.008382568135857582,9.838740348815918,-0.004790039267390966
1205813820,0,0.0017962646670639515,0.0,0.0005987549084238708,0.015567626804113388,9.777667045593262,0.0011975098168477416
1250555686,0,0.0017962646670639515,-0.0005987549084238708,-0.0005987549084238708,0.028740234673023224,9.766889572143555,-0.016765136271715164
1268566442,0,0.002395019633695483,-0.0005987549084238708,0.0005987549084238708,0.020357666537165642,9.813592910766602,-0.029937744140625
1268616976,0,0.002395019633695483,-0.0005987549084238708,-0.0005987549084238708,-0.003592529334127903,9.818382263183594,-0.013172607868909836
1268642263,0,0.0017962646670639515,-0.0005987549084238708,0.0005987549084238708,0.015567626804113388,9.814789772033691,-0.019160157069563866
1268658513,0,0.002395019633695483,0.0,0.0005987549084238708,0.04191284254193306,9.780062675476074,0.003592529334127903
1303424330,0,0.0017962646670639515,-0.0011975098168477416,0.0,0.02395019493997097,9.844727516174316,0.014370117336511612
1303476748,0,0.0017962646670639515,-0.0005987549084238708,-0.0005987549084238708,0.025147704407572746,9.843530654907227,0.0011975098168477416
1303547850,0,0.002395019633695483,0.0,0.0005987549084238708,0.016765136271715164,9.778864860534668,-0.007185058668255806
1304367684,0,0.0017962646670639515,-0.0005987549084238708,0.0,0.03233276307582855,9.771679878234863,-0.007185058668255806
1305811960,0,0.0017962646670639515,0.0,0.0,0.016765136271715164,9.806407928466797,0.021555176004767418
1368398011,0,0.0017962646670639515,0.0,0.0011975098168477416,0.025147704407572746,9.747729301452637,-0.03353027254343033
1368443806,0,0.0017962646670639515,-0.0005987549084238708,0.0,0.03832031413912773,9.784852027893066,0.031135253608226776
1451081128,0,0.002395019633695483,-0.0005987549084238708,0.0005987549084238708,0.007185058668255806,9.80521011352539,-0.004790039267390966
1452035262,0,0.0017962646670639515,0.0,-0.0005987549084238708,-0.007185058668255806,9.744136810302734,0.003592529334127903
1469378086,0,0.0017962646670639515,0.0,0.0,0.021555176004767418,9.804012298583984,-0.009580078534781933
1469427518,0,0.002395019633695483,0.0,-0.0011975098168477416,0.016765136271715164,9.771679878234863,-0.011975097469985485
1469451933,0,0.0017962646670639515,0.0005987549084238708,0.0,0.013172607868909836,9.766889572143555,-0.025147704407572746
1500639959,0,0.0017962646670639515,0.0,0.0,-0.0011975098168477416,9.786049842834473,-0.0011975098168477416
1501432062,0,0.0011975098168477416,0.0,0.0,0.022752685472369194,9.811197280883789,0.008382568135857582
1502834108,0,0.0011975098168477416,-0.0005987549084238708,0.0005987549084238708,0.025147704407572746,9.814789772033691,-0.03233276307582855
1503864063,0,0.002395019633695483,-0.0005987549084238708,0.0,0.03712280094623566,9.854308128356934,-0.0011975098168477416
1505409246,0,0.002395019633695483,0.0,0.0,0.027542725205421448,9.75012493133545,-0.016765136271715164
1506857399,0,0.0017962646670639515,-0.0005987549084238708,0.0,0.015567626804113388,9.843530654907227,0.016765136271715164
1507893595,0,0.002395019633695483,0.0,0.0,0.0059875487349927425,9.819580078125,-0.020357666537165642
1509065183,0,0.0017962646670639515,0.0,0.0,0.025147704407572746,9.801617622375488,-0.025147704407572746
1510454186,0,0.0017962646670639515,-0.0005987549084238708,0.0005987549084238708,0.022752685472369194,9.795629501342773,-0.0059875487349927425
1511908179,0,0.0029937743674963713,0.0,0.0005987549084238708,0.03233276307582855,9.812395095825195,0.0
1570505715,0,0.0017962646670639515,-0.0005987549084238708,0.0,0.014370117336511612,9.817185401916504,0.004790039267390966
1570570255,0,0.0017962646670639515,0.0,-0.0005987549084238708,0.03233276307582855,9.817185401916504,-0.0011975098168477416
1570626109,0,0.002395019633695483,0.0,0.0005987549084238708,0.022752685472369194,9.824370384216309,-0.043110352009534836
1570648611,0,0.002395019633695483,-0.0005987549084238708,0.0005987549084238708,0.021555176004767418,9.802814483642578,-0.003592529334127903
1570670030,0,0.0017962646670639515,0.0,0.0,0.03353027254343033,9.817185401916504,0.031135253608226776
1600969454,0,0.002395019633695483,0.0,0.0005987549084238708,0.03712280094623566,9.792037010192871,-0.009580078534781933
1601477299,0,0.0029937743674963713,0.0,-0.0005987549084238708,0.01796264573931694,9.808802604675293,0.004790039267390966
1602924199,0,0.0017962646670639515,0.0,0.0005987549084238708,0.019160157069563866,9.772876739501953,-0.01796264573931694
1603904361,0,0.0011975098168477416,0.0,-0.0005987549084238708,0.021555176004767418,9.724976539611816,-0.022752685472369194
1605513533,0,0.0017962646670639515,0.0,-0.0011975098168477416,-0.007185058668255806,9.793234825134277,-0.013172607868909836
1701746051,0,0.0017962646670639515,0.0,0.0,0.03832031413912773,9.758506774902344,-0.0059875487349927425
1701790954,0,0.002395019633695483,-0.0005987549084238708,0.0005987549084238708,0.014370117336511612,9.801617622375488,-0.01796264573931694
1702924582,0,0.002395019633695483,-0.0005987549084238708,-0.0005987549084238708,0.028740234673023224,9.799221992492676,-0.002395019633695483
1704079409,0,0.002395019633695483,-0.0005987549084238708,0.0,0.015567626804113388,9.778864860534668,-0.011975097469985485
1705412417,0,0.002395019633695483,-0.0005987549084238708,-0.0005987549084238708,0.008382568135857582,9.78245735168457,-0.022752685472369194
1706986234,0,0.0017962646670639515,0.0005987549084238708,0.0005987549084238708,0.043110352009534836,9.772876739501953,-0.020357666537165642
1708419148,0,0.0011975098168477416,-0.0005987549084238708,0.0,0.029937744140625,9.794432640075684,-0.03832031413912773
1709956155,0,0.002395019633695483,-0.0005987549084238708,-0.0005987549084238708,0.011975097469985485,9.801617622375488,0.008382568135857582
1710893418,0,0.002395019633695483,0.0,0.0,0.008382568135857582,9.786049842834473,0.02395019493997097
1712462415,0,0.002395019633695483,-0.0005987549084238708,0.0,-0.0059875487349927425,9.753717422485352,0.0
1750636399,0,0.002395019633695483,0.0,0.0005987549084238708,0.020357666537165642,9.795629501342773,-0.007185058668255806
1771754833,0,0.0017962646670639515,-0.0005987549084238708,0.0,0.0,9.768087387084961,-0.011975097469985485
1771782956,0,0.0017962646670639515,-0.0005987549084238708,0.0,0.03233276307582855,9.795629501342773,-0.004790039267390966
1771795028,0,0.0017962646670639515,-0.0005987549084238708,0.0,0.02395019493997097,9.76928424835205,0.0011975098168477416
1771807010,0,0.0017962646670639515,-0.0005987549084238708,0.0,0.009580078534781933,9.77407455444336,-0.019160157069563866
1801858342,0,0.002395019633695483,0.0,0.0005987549084238708,0.025147704407572746,9.811197280883789,0.008382568135857582
1801919236,0,0.0017962646670639515,0.0,0.0,0.003592529334127903,9.777667045593262,-0.009580078534781933
1803511566,0,0.002395019633695483,0.0,0.0,0.016765136271715164,9.781259536743164,-0.007185058668255806
1804503991,0,0.0017962646670639515,-0.0005987549084238708,0.0011975098168477416,0.022752685472369194,9.814789772033691,-0.014370117336511612
1805886090,0,0.002395019633695483,-0.0005987549084238708,0.0,0.05269043147563934,9.798025131225586,-0.016765136271715164
1850625242,0,0.0029937743674963713,0.0005987549084238708,0.0005987549084238708,0.019160157069563866,9.778864860534668,-0.028740234673023224
1870644503,0,0.0011975098168477416,0.0,0.0,-0.0059875487349927425,9.83395004272461,0.025147704407572746
1902049432,0,0.002395019633695483,0.0,0.0005987549084238708,0.034727782011032104,9.75970458984375,-0.029937744140625
1902093805,0,0.0011975098168477416,0.0,0.0,0.0011975098168477416,9.776470184326172,-0.014370117336511612
1902915272,0,0.002395019633695483,-0.0005987549084238708,0.0,0.020357666537165642,9.808802604675293,-0.009580078534781933
1904463000,0,0.0011975098168477416,0.0,-0.0005987549084238708,0.027542725205421448,9.792037010192871,-0.01796264573931694
1905881658,0,0.0011975098168477416,-0.0005987549084238708,-0.0005987549084238708,0.004790039267390966,9.801617622375488,-0.0059875487349927425
1949750932,0,0.002395019633695483,-0.0005987549084238708,0.0011975098168477416,0.014370117336511612,9.789642333984375,-0.014370117336511612
1970411546,0,0.0017962646670639515,0.0,0.0,0.029937744140625,9.804012298583984,-0.007185058668255806
1970468833,0,0.0017962646670639515,0.0,0.0,0.028740234673023224,9.819580078125,-0.002395019633695483
1970491325,0,0.002395019633695483,0.0,0.0,0.020357666537165642,9.815987586975098,-0.021555176004767418
1970512023,0,0.0017962646670639515,0.0,0.0011975098168477416,0.043110352009534836,9.777667045593262,-0.03951782360672951
2001659704,0,0.0017962646670639515,-0.0005987549084238708,0.0,0.008382568135857582,9.804012298583984,0.0
2001702905,0,0.002395019633695483,-0.0005987549084238708,0.0005987549084238708,0.002395019633695483,9.760902404785156,-0.04550537094473839
2001912565,0,0.0017962646670639515,-0.0005987549084238708,0.0,0.021555176004767418,9.765691757202148,-0.028740234673023224
2003928222,0,0.002395019633695483,0.0,0.0011975098168477416,0.010777588002383709,9.789642333984375,0.004790039267390966
2004906942,0,0.0017962646670639515,-0.0005987549084238708,0.0005987549084238708,0.025147704407572746,9.75012493133545,-0.02634521573781967
2006479526,0,0.0011975098168477416,-0.0005987549084238708,0.0,0.05149291828274727,9.843530654907227,-0.0059875487349927425
2007489514,0,0.002395019633695483,0.0,0.0,0.014370117336511612,9.841135025024414,0.004790039267390966
2049692951,0,0.0017962646670639515,0.0005987549084238708,0.0,0.02395019493997097,9.771679878234863,-0.022752685472369194
2068890865,0,0.0017962646670639515,0.0,0.0,0.049097899347543716,9.815987586975098,0.0059875487349927425
2068935558,0,0.0017962646670639515,0.0,0.0011975098168477416,0.008382568135857582,9.771679878234863,-0.040715333074331284
2068954123,0,0.0017962646670639515,-0.0005987549084238708,-0.0011975098168477416,0.025147704407572746,9.775272369384766,-0.0011975098168477416
2068972527,0,0.0017962646670639515,-0.0005987549084238708,0.0,0.03233276307582855,9.800419807434082,0.0
2068989569,0,0.0017962646670639515,0.0,0.0,0.019160157069563866,9.778864860534668,-0.03592529147863388
2102395599,0,0.0017962646670639515,0.0005987549084238708,0.0,0.002395019633695483,9.793234825134277,-0.016765136271715164
2102432578,0,0.002395019633695483,0.0,0.0,0.014370117336511612,9.807604789733887,-0.04191284254193306
2102885179,0,0.0017962646670639515,-0.0005987549084238708,0.0,0.028740234673023224,9.764494895935059,0.010777588002383709
2103886000,0,0.002395019633695483,-0.0005987549084238708,0.0,0.03712280094623566,9.825567245483398,0.03832031413912773
2105941863,0,0.0017962646670639515,0.0,0.0005987549084238708,0.03592529147863388,9.757309913635254,0.01796264573931694
2150358295,0,0.0017962646670639515,0.0,-0.0005987549084238708,0.014370117336511612,9.786049842834473,0.008382568135857582
2169490086,0,0.0017962646670639515,-0.0005987549084238708,0.0,0.011975097469985485,9.792037010192871,0.014370117336511612
2169530311,0,0.0017962646670639515,0.0,0.0,0.008382568135857582,9.75970458984375,-0.019160157069563866
2169549887,0,0.0011975098168477416,0.0,0.0005987549084238708,0.040715333074331284,9.780062675476074,0.007185058668255806
2169568812,0,0.0017962646670639515,-0.0005987549084238708,-0.0005987549084238708,0.01796264573931694,9.804012298583984,0.003592529334127903
2201511021,0,0.0017962646670639515,0.0,-0.0005987549084238708,0.020357666537165642,9.772876739501953,-0.02395019493997097
2201596800,0,0.002395019633695483,-0.0005987549084238708,-0.0005987549084238708,0.049097899347543716,9.792037010192871,-0.021555176004767418
2203017021,0,0.0017962646670639515,0.0005987549084238708,0.0005987549084238708,0.022752685472369194,9.795629501342773,-0.022752685472369194
2204001952,0,0.0017962646670639515,0.0,0.0,0.015567626804113388,9.817185401916504,-0.049097899347543716
2205519003,0,0.0017962646670639515,-0.0005987549084238708,0.0005987549084238708,0.004790039267390966,9.798025131225586,0.016765136271715164
2301374744,0,0.0011975098168477416,0.0,0.0,0.011975097469985485,9.762099266052246,-0.031135253608226776
2301946227,0,0.0011975098168477416,0.0,0.0,0.019160157069563866,9.76928424835205,-0.002395019633695483
2303960421,0,0.002395019633695483,-0.0005987549084238708,0.0005987549084238708,0.034727782011032104,9.77407455444336,-0.016765136271715164
2304912532,0,0.0017962646670639515,0.0,0.0005987549084238708,0.0,9.807604789733887,0.008382568135857582
2306928660,0,0.0017962646670639515,-0.0011975098168477416,-0.0005987549084238708,0.019160157069563866,9.77407455444336,0.016765136271715164
2308049554,0,0.002395019633695483,0.0,0.0005987549084238708,0.015567626804113388,9.799221992492676,-0.03592529147863388
2309503588,0,0.002395019633695483,0.0,-0.0005987549084238708,0.03832031413912773,9.813592910766602,0.0
2310910183,0,0.002395019633695483,0.0,0.0005987549084238708,0.013172607868909836,9.821974754333496,0.009580078534781933
2349688242,0,0.0017962646670639515,0.0,0.0,0.013172607868909836,9.772876739501953,-0.010777588002383709
2369173420,0,0.0017962646670639515,0.0,0.0,0.03353027254343033,9.793234825134277,0.0
2369217021,0,0.0017962646670639515,-0.0005987549084238708,0.0,0.021555176004767418,9.775272369384766,-0.05269043147563934
2369235285,0,0.0017962646670639515,-0.0005987549084238708,0.0,0.014370117336511612,9.814789772033691,0.0011975098168477416
2369251305,0,0.0017962646670639515,0.0,-0.0005987549084238708,0.03832031413912773,9.844727516174316,-0.002395019633695483
2401817384,0,0.002395019633695483,-0.0005987549084238708,-0.0005987549084238708,0.003592529334127903,9.808802604675293,-0.016765136271715164
2401876394,0,0.0017962646670639515,0.0,0.0,0.043110352009534836,9.813592910766602,0.002395019633695483
2403128241,0,0.002395019633695483,0.0,-0.0005987549084238708,0.0,9.776470184326172,-0.031135253608226776
2404484322,0,0.002395019633695483,-0.0005987549084238708,0.0,0.046702880412340164,9.78245735168457,-0.034727782011032104
2405940850,0,0.0011975098168477416,-0.0005987549084238708,0.0,0.007185058668255806,9.804012298583984,0.0059875487349927425
2406932093,0,0.002395019633695483,-0.0005987549084238708,0.0,0.015567626804113388,9.78245735168457,-0.027542725205421448
2408513223,0,0.002395019633695483,0.0,0.0,0.011975097469985485,9.812395095825195,-0.002395019633695483
2468845256,0,0.0017962646670639515,-0.0005987549084238708,0.0,0.034727782011032104,9.811197280883789,0.002395019633695483
2468896071,0,0.0017962646670639515,0.0,0.0011975098168477416,0.07065307348966599,9.758506774902344,0.0
2468913263,0,0.0011975098168477416,0.0,0.0,0.025147704407572746,9.780062675476074,-0.004790039267390966
2502835163,0,0.002395019633695483,0.0,0.0,0.028740234673023224,9.764494895935059,0.004790039267390966
2502882701,0,0.002395019633695483,0.0,0.0005987549084238708,0.027542725205421448,9.781259536743164,-0.004790039267390966
2503199520,0,0.0029937743674963713,0.0,0.0,0.013172607868909836,9.812395095825195,-0.007185058668255806
2504540744,0,0.0017962646670639515,-0.0005987549084238708,0.0005987549084238708,0.03353027254343033,9.757309913635254,-0.027542725205421448
2505894300,0,0.0017962646670639515,-0.0005987549084238708,0.0,0.0011975098168477416,9.821974754333496,-0.004790039267390966
2506890202,0,0.0017962646670639515,0.0,0.0,0.025147704407572746,9.776470184326172,-0.011975097469985485
2508483324,0,0.0017962646670639515,0.0,0.0,0.05388794094324112,9.80521011352539,-0.034727782011032104
2550842210,0,0.0011975098168477416,-0.0005987549084238708,0.0,0.009580078534781933,9.79682731628418,-0.002395019633695483
2570780070,0,0.0017962646670639515,0.0,0.0,0.015567626804113388,9.76928424835205,-0.02395019493997097
2570829412,0,0.002395019633695483,-0.0011975098168477416,-0.0005987549084238708,0.020357666537165642,9.813592910766602,-0.010777588002383709
2570858226,0,0.0029937743674963713,0.0,0.0005987549084238708,0.008382568135857582,9.770482063293457,0.0
2570881479,0,0.002395019633695483,0.0,0.0,0.008382568135857582,9.775272369384766,0.0
2701429943,0,0.0017962646670639515,-0.0005987549084238708,0.0005987549084238708,-0.004790039267390966,9.832752227783203,0.016765136271715164
2701924593,0,0.0011975098168477416,0.0005987549084238708,0.0,0.021555176004767418,9.754914283752441,-0.008382568135857582
2703088256,0,0.0017962646670639515,0.0,-0.0005987549084238708,0.008382568135857582,9.754914283752441,0.003592529334127903
2704509699,0,0.0017962646670639515,0.0,0.0,0.022752685472369194,9.794432640075684,-0.016765136271715164
2705520939,0,0.0017962646670639515,0.0,-0.0005987549084238708,0.06346801668405533,9.786049842834473,-0.02634521573781967
2706910372,0,0.002395019633695483,0.0,-0.0005987549084238708,0.002395019633695483,9.793234825134277,-0.003592529334127903
2708110935,0,0.0017962646670639515,-0.0005987549084238708,0.0005987549084238708,0.029937744140625,9.830357551574707,-0.020357666537165642
2709549419,0,0.002395019633695483,-0.0011975098168477416,-0.0005987549084238708,0.04191284254193306,9.830357551574707,-0.009580078534781933
2710989296,0,0.0017962646670639515,0.0,-0.0005987549084238708,0.03832031413912773,9.794432640075684,-0.002395019633695483
2770430493,0,0.0017962646670639515,0.0,0.0011975098168477416,0.022752685472369194,9.830357551574707,-0.01796264573931694
2770490515,0,0.002395019633695483,-0.0005987549084238708,-0.0005987549084238708,0.027542725205421448,9.766889572143555,-0.025147704407572746
2770520661,0,0.002395019633695483,0.0005987549084238708,0.0005987549084238708,0.02395019493997097,9.794432640075684,0.002395019633695483
2770546429,0,0.0017962646670639515,0.0,0.0,0.003592529334127903,9.74533462524414,-0.022752685472369194
2801497535,0,0.0017962646670639515,-0.0005987549084238708,-0.0005987549084238708,0.0059875487349927425,9.808802604675293,0.003592529334127903
2802005049,0,0.002395019633695483,0.0,0.0005987549084238708,0.019160157069563866,9.792037010192871,-0.013172607868909836
2803174373,0,0.002395019633695483,0.0,0.0,0.03832031413912773,9.793234825134277,-0.019160157069563866
2804562283,0,0.002395019633695483,-0.0005987549084238708,0.0011975098168477416,0.025147704407572746,9.826765060424805,0.0
2805979438,0,0.002395019633695483,0.0,0.0,0.01796264573931694,9.821974754333496,-0.043110352009534836
2870690464,0,0.0011975098168477416,-0.0005987549084238708,0.0,0.03592529147863388,9.770482063293457,-0.03353027254343033
2870756407,0,0.0017962646670639515,-0.0011975098168477416,0.0005987549084238708,0.04790038987994194,9.776470184326172,-0.01796264573931694
2870788827,0,0.0017962646670639515,0.0,0.0,0.034727782011032104,9.792037010192871,-0.040715333074331284
2870869828,0,0.0017962646670639515,-0.0005987549084238708,0.0,0.05987548828125,9.763297080993652,-0.03712280094623566
2870900465,0,0.002395019633695483,0.0,0.0005987549084238708,0.0,9.784852027893066,-0.022752685472369194
2903845329,0,0.0017962646670639515,0.0,0.0,0.019160157069563866,9.813592910766602,-0.009580078534781933
2903906613,0,0.0017962646670639515,0.0,0.0,0.03233276307582855,9.79682731628418,-0.010777588002383709
2903939394,0,0.0017962646670639515,0.0,0.0,0.034727782011032104,9.807604789733887,-0.0011975098168477416
2904602577,0,0.0017962646670639515,0.0,0.0,0.034727782011032104,9.766889572143555,-0.015567626804113388
2905963848,0,0.0017962646670639515,0.0,0.0,0.016765136271715164,9.79682731628418,-0.007185058668255806
2950925816,0,0.0017962646670639515,-0.0005987549084238708,0.0,0.04550537094473839,9.820777893066406,-0.0059875487349927425
3000533953,0,0.0017962646670639515,0.0005987549084238708,0.0,0.009580078534781933,9.788444519042969,-0.0059875487349927425
3001034273,0,0.002395019633695483,0.0,0.0,0.021555176004767418,9.831555366516113,-0.021555176004767418
3001983087,0,0.0017962646670639515,-0.0005987549084238708,-0.0005987549084238708,0.028740234673023224,9.772876739501953,-0.002395019633695483
3004160586,0,0.002395019633695483,0.0,0.0,0.019160157069563866,9.778864860534668,-0.0011975098168477416
3005193056,0,0.0017962646670639515,-0.0005987549084238708,0.0005987549084238708,0.021555176004767418,9.806407928466797,-0.03951782360672951
3006974848,0,0.002395019633695483,-0.0005987549084238708,0.0,0.020357666537165642,9.787247657775879,-0.009580078534781933
3008133783,0,0.0017962646670639515,0.0,0.0005987549084238708,0.03832031413912773,9.729766845703125,-0.03592529147863388
3009568661,0,0.0017962646670639515,-0.0005987549084238708,0.0005987549084238708,0.02395019493997097,9.789642333984375,-0.013172607868909836
3010561778,0,0.002395019633695483,0.0005987549084238708,0.0005987549084238708,0.008382568135857582,9.826765060424805,-0.029937744140625
3012149670,0,0.0017962646670639515,-0.0005987549084238708,0.0005987549084238708,0.011975097469985485,9.771679878234863,0.003592529334127903
3050802838,0,0.0017962646670639515,-0.0005987549084238708,0.0005987549084238708,-0.003592529334127903,9.799221992492676,-0.004790039267390966
3069728376,0,0.0017962646670639515,-0.0005987549084238708,0.0005987549084238708,0.002395019633695483,9.802814483642578,-0.008382568135857582
3069767509,0,0.0017962646670639515,-0.0005987549084238708,0.0005987549084238708,-0.027542725205421448,9.798025131225586,-0.022752685472369194
3069785803,0,0.002395019633695483,-0.0005987549084238708,0.0,0.011975097469985485,9.788444519042969,-0.020357666537165642
3150365986,0,0.0017962646670639515,-0.0005987549084238708,0.0,0.011975097469985485,9.778864860534668,-0.028740234673023224
3169517945,0,0.0017962646670639515,0.0,0.0,-0.003592529334127903,9.79682731628418,-0.002395019633695483
3169567548,0,0.0017962646670639515,0.0,0.0005987549084238708,0.027542725205421448,9.790840148925781,-0.02395019493997097
3169589178,0,0.0017962646670639515,-0.0011975098168477416,0.0,0.008382568135857582,9.844727516174316,-0.003592529334127903
3169607722,0,0.002395019633695483,0.0,-0.0005987549084238708,0.028740234673023224,9.861493110656738,-0.013172607868909836
3169625205,0,0.0017962646670639515,-0.0005987549084238708,0.0005987549084238708,0.028740234673023224,9.758506774902344,0.008382568135857582
3169643890,0,0.002395019633695483,-0.0005987549084238708,0.0005987549084238708,0.029937744140625,9.738149642944336,-0.013172607868909836
3249853544,0,0.0017962646670639515,-0.0005987549084238708,0.0005987549084238708,0.02634521573781967,9.789642333984375,-0.008382568135857582
3269498509,0,0.002395019633695483,-0.0005987549084238708,0.0,0.02634521573781967,9.77407455444336,0.011975097469985485
3269537542,0,0.002395019633695483,-0.0005987549084238708,0.0,0.029937744140625,9.762099266052246,-0.043110352009534836
3269551568,0,0.0017962646670639515,0.0,0.0005987549084238708,0.010777588002383709,9.802814483642578,-0.021555176004767418
3269562999,0,0.002395019633695483,-0.0005987549084238708,0.0,0.009580078534781933,9.788444519042969,-0.002395019633695483
3269574140,0,0.002395019633695483,-0.0011975098168477416,0.0,0.014370117336511612,9.770482063293457,-0.02634521573781967
3269584930,0,0.002395019633695483,-0.0005987549084238708,-0.0011975098168477416,-0.004790039267390966,9.78245735168457,-0.008382568135857582
3269596091,0,0.002395019633695483,0.0,0.0,0.008382568135857582,9.776470184326172,0.002395019633695483
3269607081,0,0.0011975098168477416,0.0,0.0,0.01796264573931694,9.813592910766602,-0.014370117336511612
3269624303,0,0.002395019633695483,0.0,0.0,0.027542725205421448,9.768087387084961,0.0059875487349927425
3269641796,0,0.0017962646670639515,0.0,-0.0005987549084238708,0.02395019493997097,9.802814483642578,0.0011975098168477416
3350463578,0,0.0011975098168477416,0.0,0.0,0.028740234673023224,9.827962875366211,-0.015567626804113388
3370394515,0,0.002395019633695483,-0.0005987549084238708,0.0,-0.004790039267390966,9.772876739501953,-0.02634521573781967
3370440551,0,0.0011975098168477416,0.0,0.0005987549084238708,0.01796264573931694,9.781259536743164,-0.02634521573781967
3370464776,0,0.002395019633695483,0.0,0.0005987549084238708,0.01796264573931694,9.760902404785156,-0.008382568135857582
3401162352,0,0.0011975098168477416,0.0,-0.0005987549084238708,0.020357666537165642,9.772876739501953,-0.014370117336511612
3401216884,0,0.0017962646670639515,0.0,-0.0005987549084238708,0.03712280094623566,9.789642333984375,-0.01796264573931694
3402065011,0,0.002395019633695483,-0.0005987549084238708,-0.0005987549084238708,0.03233276307582855,9.815987586975098,-0.019160157069563866
3403288746,0,0.0029937743674963713,0.0,0.0,0.049097899347543716,9.817185401916504,-0.03233276307582855
3404664865,0,0.002395019633695483,0.0,-0.0005987549084238708,0.04191284254193306,9.818382263183594,-0.008382568135857582
3405646811,0,0.0017962646670639515,0.0,0.0,0.008382568135857582,9.817185401916504,-0.014370117336511612
3407661707,0,0.0017962646670639515,0.0,0.0,0.01796264573931694,9.764494895935059,0.004790039267390966
3409099560,0,0.002395019633695483,0.0,0.0,0.01796264573931694,9.775272369384766,0.013172607868909836
3449775619,0,0.0017962646670639515,-0.0005987549084238708,0.0,0.014370117336511612,9.778864860534668,-0.008382568135857582
3451132211,0,0.002395019633695483,-0.0005987549084238708,-0.0005987549084238708,-0.002395019633695483,9.824370384216309,-0.004790039267390966
3452080925,0,0.0011975098168477416,-0.0005987549084238708,0.0011975098168477416,0.031135253608226776,9.764494895935059,-0.016765136271715164
3469742493,0,0.0017962646670639515,-0.0005987549084238708,0.0,-0.002395019633695483,9.812395095825195,-0.021555176004767418
3469798417,0,0.002395019633695483,-0.0005987549084238708,0.0005987549084238708,0.03712280094623566,9.789642333984375,0.007185058668255806
3469823905,0,0.0011975098168477416,-0.0005987549084238708,0.0,0.013172607868909836,9.770482063293457,-0.0059875487349927425
3469846347,0,0.0017962646670639515,-0.0005987549084238708,0.0,0.010777588002383709,9.775272369384766,-0.02395019493997097
3569440632,0,0.0017962646670639515,-0.0011975098168477416,0.0,0.028740234673023224,9.808802604675293,-0.003592529334127903
3602468772,0,0.0011975098168477416,0.0,0.0005987549084238708,0.013172607868909836,9.8291597366333,-0.004790039267390966
3602516431,0,0.002395019633695483,-0.0005987549084238708,0.0,-0.003592529334127903,9.760902404785156,-0.029937744140625
3602704180,0,0.0017962646670639515,-0.0005987549084238708,0.0,0.004790039267390966,9.78245735168457,-0.014370117336511612
3604170917,0,0.0011975098168477416,0.0,-0.0005987549084238708,0.009580078534781933,9.75012493133545,0.0
3605040694,0,0.0017962646670639515,0.0005987549084238708,-0.0005987549084238708,0.031135253608226776,9.800419807434082,-0.016765136271715164
3606617134,0,0.0017962646670639515,-0.0011975098168477416,0.0005987549084238708,0.03353027254343033,9.798025131225586,-0.007185058668255806
3608055709,0,0.0017962646670639515,0.0,0.0005987549084238708,0.019160157069563866,9.772876739501953,-0.01796264573931694
3609016526,0,0.002395019633695483,0.0,0.0,0.022752685472369194,9.818382263183594,-0.009580078534781933
3610184437,0,0.0017962646670639515,-0.0005987549084238708,-0.0005987549084238708,0.03832031413912773,9.787247657775879,0.016765136271715164
3611612733,0,0.0011975098168477416,0.0005987549084238708,0.0005987549084238708,0.014370117336511612,9.792037010192871,0.025147704407572746
3613037552,0,0.002395019633695483,-0.0005987549084238708,0.0,0.03233276307582855,9.794432640075684,0.022752685472369194
3702081843,0,0.002395019633695483,0.0,0.0005987549084238708,-0.004790039267390966,9.784852027893066,-0.002395019633695483
3702206414,0,0.002395019633695483,-0.0005987549084238708,0.0005987549084238708,0.03353027254343033,9.824370384216309,0.010777588002383709
3703071202,0,0.0017962646670639515,0.0,0.0011975098168477416,0.009580078534781933,9.765691757202148,-0.016765136271715164
3704693238,0,0.0017962646670639515,0.0005987549084238708,0.0005987549084238708,0.008382568135857582,9.742938995361328,-0.008382568135857582
3705633306,0,0.0017962646670639515,0.0,0.0011975098168477416,0.020357666537165642,9.80521011352539,-0.015567626804113388
3707058275,0,0.002395019633695483,-0.0005987549084238708,0.0,0.01796264573931694,9.80521011352539,-0.02634521573781967
3708622774,0,0.0017962646670639515,0.0,0.0,0.014370117336511612,9.813592910766602,-0.020357666537165642
3710052242,0,0.0017962646670639515,-0.0005987549084238708,-0.0005987549084238708,-0.013172607868909836,9.780062675476074,-0.02395019493997097
3711231825,0,0.0017962646670639515,-0.0005987549084238708,-0.0005987549084238708,-0.01796264573931694,9.748927116394043,-0.03832031413912773
3712650403,0,0.0017962646670639515,-0.0005987549084238708,0.0,0.021555176004767418,9.777667045593262,-0.019160157069563866
3801501754,0,0.0017962646670639515,-0.0005987549084238708,0.0005987549084238708,0.016765136271715164,9.770482063293457,-0.009580078534781933
3801738204,0,0.0017962646670639515,-0.0011975098168477416,0.0005987549084238708,0.01796264573931694,9.784852027893066,-0.002395019633695483
3802727994,0,0.002395019633695483,-0.0005987549084238708,0.0,0.014370117336511612,9.801617622375488,0.008382568135857582
3804141713,0,0.0017962646670639515,-0.0005987549084238708,0.0005987549084238708,0.03592529147863388,9.776470184326172,0.004790039267390966
3805264079,0,0.0011975098168477416,-0.0005987549084238708,0.0,0.043110352009534836,9.823172569274902,-0.015567626804113388
3806675053,0,0.0017962646670639515,-0.0011975098168477416,0.0005987549084238708,0.020357666537165642,9.8100004196167,0.009580078534781933
3807643193,0,0.0011975098168477416,-0.0005987549084238708,0.0,0.029937744140625,9.832752227783203,-0.010777588002383709
3809060558,0,0.002395019633695483,-0.0005987549084238708,0.0,0.028740234673023224,9.821974754333496,0.011975097469985485
3811075154,0,0.0017962646670639515,0.0,0.0,0.025147704407572746,9.790840148925781,0.0059875487349927425
3812031542,0,0.002395019633695483,0.0,0.0,0.03832031413912773,9.815987586975098,0.010777588002383709
3850188269,0,0.0017962646670639515,0.0,0.0005987549084238708,0.04430786147713661,9.771679878234863,0.0011975098168477416
3902054877,0,0.0017962646670639515,0.0,0.0,0.020357666537165642,9.808802604675293,0.013172607868909836
3902097897,0,0.0017962646670639515,0.0005987549084238708,0.0,0.03353027254343033,9.8100004196167,-0.021555176004767418
3902774394,0,0.0017962646670639515,0.0005987549084238708,0.0,0.03592529147863388,9.802814483642578,-0.025147704407572746
3904193743,0,0.0017962646670639515,0.0005987549084238708,0.0,0.04430786147713661,9.783655166625977,-0.008382568135857582
3905082546,0,0.0017962646670639515,0.0005987549084238708,0.0005987549084238708,0.02395019493997097,9.786049842834473,-0.019160157069563866
3907062758,0,0.002395019633695483,0.0005987549084238708,0.0,0.016765136271715164,9.732161521911621,-0.008382568135857582
3908068027,0,0.002395019633695483,0.0005987549084238708,-0.0005987549084238708,0.028740234673023224,9.807604789733887,-0.0059875487349927425
3909676688,0,0.002395019633695483,0.0,0.0,0.040715333074331284,9.751321792602539,-0.009580078534781933
3910678851,0,0.0017962646670639515,0.0,-0.0005987549084238708,0.03353027254343033,9.808802604675293,-0.02634521573781967
3912051894,0,0.0011975098168477416,0.0,0.0005987549084238708,0.003592529334127903,9.787247657775879,-0.034727782011032104
3950278952,0,0.002395019633695483,-0.0005987549084238708,0.0,-0.01796264573931694,9.794432640075684,-0.014370117336511612
3970388682,0,0.0011975098168477416,0.0,-0.0005987549084238708,0.008382568135857582,9.808802604675293,-0.02395019493997097
3970434778,0,0.002395019633695483,-0.0005987549084238708,0.0,-0.013172607868909836,9.814789772033691,-0.007185058668255806
3970457590,0,0.0017962646670639515,0.0,0.0,0.0011975098168477416,9.794432640075684,0.002395019633695483
4001558027,0,0.002395019633695483,-0.0005987549084238708,0.0,0.04191284254193306,9.775272369384766,-0.008382568135857582
4002550372,0,0.0017962646670639515,-0.0005987549084238708,-0.0005987549084238708,0.03353027254343033,9.780062675476074,-0.029937744140625
4003221951,0,0.0017962646670639515,-0.0005987549084238708,0.0,-0.008382568135857582,9.801617622375488,-0.004790039267390966
4004293914,0,0.0017962646670639515,-0.0005987549084238708,0.0,0.028740234673023224,9.825567245483398,0.013172607868909836
4006110942,0,0.0017962646670639515,0.0,0.0005987549084238708,0.02395019493997097,9.77407455444336,-0.0059875487349927425
4068369983,0,0.0017962646670639515,0.0,0.0005987549084238708,-0.009580078534781933,9.826765060424805,0.009580078534781933
4099960239,0,0.002395019633695483,-0.0005987549084238708,0.0005987549084238708,-0.002395019633695483,9.826765060424805,0.002395019633695483
4100693974,0,0.0017962646670639515,-0.0005987549084238708,-0.0005987549084238708,0.020357666537165642,9.770482063293457,-0.025147704407572746
4102112231,0,0.002395019633695483,0.0,0.0,0.021555176004767418,9.802814483642578,-0.007185058668255806
4103290592,0,0.0017962646670639515,-0.0005987549084238708,0.0,0.04550537094473839,9.760902404785156,-0.021555176004767418
4104713477,0,0.0017962646670639515,0.0,0.0,0.04191284254193306,9.789642333984375,-0.019160157069563866
4106230298,0,0.002395019633695483,0.0005987549084238708,0.0011975098168477416,0.05269043147563934,9.752519607543945,-0.03592529147863388
4149868656,0,0.0017962646670639515,-0.0005987549084238708,0.0,0.03233276307582855,9.8100004196167,-0.016765136271715164
4170173060,0,0.0017962646670639515,0.0,-0.0005987549084238708,0.046702880412340164,9.78245735168457,-0.027542725205421448
4202485699,0,0.0017962646670639515,0.0,0.0005987549084238708,0.022752685472369194,9.75970458984375,-0.019160157069563866
4202528589,0,0.0017962646670639515,-0.0005987549084238708,-0.0005987549084238708,0.03233276307582855,9.832752227783203,-0.016765136271715164
4202733951,0,0.002395019633695483,0.0,0.0,0.040715333074331284,9.786049842834473,-0.058677978813648224
4249958407,0,0.002395019633695483,0.0,0.0005987549084238708,0.05149291828274727,9.76928424835205,-0.003592529334127903
4250716697,0,0.0017962646670639515,-0.0005987549084238708,0.0005987549084238708,0.049097899347543716,9.811197280883789,0.031135253608226776
4269435331,0,0.002395019633695483,-0.0005987549084238708,0.0,0.020357666537165642,9.772876739501953,-0.013172607868909836
4269474795,0,0.002395019633695483,-0.0005987549084238708,-0.0005987549084238708,0.03592529147863388,9.841135025024414,-0.003592529334127903
4269495162,0,0.002395019633695483,-0.0005987549084238708,-0.0005987549084238708,0.028740234673023224,9.789642333984375,-0.015567626804113388
4269512344,0,0.0017962646670639515,-0.0005987549084238708,-0.0005987549084238708,0.02395019493997097,9.787247657775879,-0.007185058668255806
4269529086,0,0.0017962646670639515,-0.0005987549084238708,0.0,0.0011975098168477416,9.77407455444336,-0.0059875487349927425
4269544975,0,0.0017962646670639515,0.0,0.0,0.0,9.744136810302734,0.016765136271715164
4269604726,0,0.0017962646670639515,0.0,0.0,-0.015567626804113388,9.802814483642578,-0.021555176004767418
4269627589,0,0.0017962646670639515,-0.0005987549084238708,0.0,-0.009580078534781933,9.787247657775879,0.020357666537165642
4302056005,0,0.0017962646670639515,0.0005987549084238708,0.0011975098168477416,0.02395019493997097,9.790840148925781,-0.009580078534781933
4302092953,0,0.002395019633695483,0.0,0.0,0.01796264573931694,9.811197280883789,-0.028740234673023224
4302793476,0,0.002395019633695483,0.0,0.0011975098168477416,0.02634521573781967,9.776470184326172,-0.010777588002383709
4304154055,0,0.0029937743674963713,0.0,0.0005987549084238708,0.046702880412340164,9.79682731628418,0.011975097469985485
4350006822,0,0.002395019633695483,0.0005987549084238708,0.0,0.043110352009534836,9.789642333984375,-0.007185058668255806
4350793815,0,0.0017962646670639515,0.0,0.0,-0.002395019633695483,9.80521011352539,-0.013172607868909836
4368633344,0,0.0017962646670639515,-0.0005987549084238708,-0.0005987549084238708,0.049097899347543716,9.818382263183594,-0.014370117336511612
4368671756,0,0.0017962646670639515,0.0005987549084238708,0.0005987549084238708,0.028740234673023224,9.76928424835205,0.0059875487349927425
4368690481,0,0.002395019633695483,0.0,0.0,0.02634521573781967,9.777667045593262,-0.014370117336511612
4368706009,0,0.002395019633695483,0.0,0.0005987549084238708,0.016765136271715164,9.792037010192871,-0.03233276307582855
4402065867,0,0.002395019633695483,-0.0005987549084238708,0.0,0.02634521573781967,9.79682731628418,-0.021555176004767418
4402120919,0,0.0017962646670639515,-0.0005987549084238708,0.0,0.010777588002383709,9.812395095825195,-0.019160157069563866
4403274114,0,0.0017962646670639515,0.0,0.0,0.029937744140625,9.811197280883789,-0.022752685472369194
4404306092,0,0.002395019633695483,-0.0005987549084238708,0.0,0.03592529147863388,9.799221992492676,-0.027542725205421448
4405739558,0,0.0017962646670639515,-0.0011975098168477416,0.0,0.003592529334127903,9.762099266052246,-0.034727782011032104
4450383326,0,0.0017962646670639515,-0.0005987549084238708,0.0,0.02634521573781967,9.792037010192871,-0.008382568135857582
4469014898,0,0.002395019633695483,-0.0005987549084238708,0.0,0.04790038987994194,9.764494895935059,0.01796264573931694
4469066013,0,0.0017962646670639515,-0.0005987549084238708,0.0,0.01796264573931694,9.806407928466797,-0.016765136271715164
4469084297,0,0.0017962646670639515,-0.0005987549084238708,0.0,0.040715333074331284,9.792037010192871,0.004790039267390966
4469100898,0,0.002395019633695483,0.0,-0.0005987549084238708,0.03353027254343033,9.812395095825195,0.03233276307582855
4501245205,0,0.0017962646670639515,-0.0005987549084238708,0.0,0.031135253608226776,9.812395095825195,0.019160157069563866
4550889531,0,0.0017962646670639515,-0.0005987549084238708,0.0005987549084238708,0.029937744140625,9.806407928466797,-0.004790039267390966
4568993953,0,0.0017962646670639515,-0.0005987549084238708,0.0,0.03712280094623566,9.747729301452637,0.027542725205421448
4569031954,0,0.0017962646670639515,0.0,0.0,0.06346801668405533,9.75012493133545,0.046702880412340164
4569050248,0,0.0017962646670639515,0.0,0.0011975098168477416,0.03592529147863388,9.777667045593262,0.016765136271715164
4569066348,0,0.002395019633695483,0.0005987549084238708,0.0,0.03951782360672951,9.766889572143555,0.004790039267390966
4569082127,0,0.0017962646670639515,0.0,-0.0005987549084238708,0.049097899347543716,9.83395004272461,0.007185058668255806
4569097616,0,0.0017962646670639515,0.0005987549084238708,0.0,0.025147704407572746,9.781259536743164,-0.049097899347543716
4569113045,0,0.0011975098168477416,0.0,0.0,0.002395019633695483,9.79682731628418,-0.015567626804113388
4569128613,0,0.002395019633695483,0.0,0.0005987549084238708,0.03353027254343033,9.818382263183594,-0.027542725205421448
4569144633,0,0.002395019633695483,0.0005987549084238708,0.0005987549084238708,0.028740234673023224,9.777667045593262,-0.019160157069563866
4600754157,0,0.0017962646670639515,-0.0005987549084238708,0.0,0.019160157069563866,9.8100004196167,-0.0059875487349927425
4601819758,0,0.0017962646670639515,0.0005987549084238708,0.0,0.009580078534781933,9.783655166625977,-0.03951782360672951
4602826940,0,0.0017962646670639515,-0.0005987549084238708,-0.0005987549084238708,0.01796264573931694,9.800419807434082,-0.009580078534781933
4604305710,0,0.0011975098168477416,0.0,-0.0005987549084238708,-0.0059875487349927425,9.8100004196167,-0.014370117336511612
4650466678,0,0.002395019633695483,-0.0005987549084238708,-0.0005987549084238708,0.0059875487349927425,9.801617622375488,-0.03832031413912773
4651777476,0,0.0017962646670639515,-0.0005987549084238708,0.0,-0.008382568135857582,9.84233283996582,-0.022752685472369194
4770593005,0,0.0017962646670639515,0.0,0.0005987549084238708,0.025147704407572746,9.787247657775879,-0.016765136271715164
4770649129,0,0.0017962646670639515,0.0,0.0005987549084238708,0.004790039267390966,9.8100004196167,-0.015567626804113388
4770672633,0,0.002395019633695483,-0.0005987549084238708,0.0005987549084238708,0.028740234673023224,9.780062675476074,0.021555176004767418
4770695195,0,0.002395019633695483,-0.0005987549084238708,0.0005987549084238708,0.022752685472369194,9.8100004196167,0.013172607868909836
4770716214,0,0.0011975098168477416,0.0,0.0,0.010777588002383709,9.787247657775879,-0.013172607868909836
4770734969,0,0.0017962646670639515,-0.0005987549084238708,0.0,0.03592529147863388,9.804012298583984,0.007185058668255806
4770756228,0,0.0017962646670639515,0.0,-0.0005987549084238708,0.03951782360672951,9.78245735168457,0.003592529334127903
4770776125,0,0.002395019633695483,0.0,0.0,0.04550537094473839,9.807604789733887,-0.004790039267390966
4770794810,0,0.002395019633695483,-0.0005987549084238708,0.0,0.025147704407572746,9.780062675476074,-0.007185058668255806
4770814557,0,0.0017962646670639515,0.0,0.0,0.016765136271715164,9.790840148925781,-0.02395019493997097
4770832911,0,0.0011975098168477416,0.0,0.0,0.028740234673023224,9.847123146057129,-0.0059875487349927425
4800889606,0,0.0017962646670639515,0.0,0.0,0.04790038987994194,9.795629501342773,-0.010777588002383709
4801436393,0,0.0017962646670639515,0.0,-0.0011975098168477416,0.03233276307582855,9.8100004196167,0.009580078534781933
4802825545,0,0.0029937743674963713,-0.0005987549084238708,0.0,0.043110352009534836,9.771679878234863,-0.029937744140625
4804244524,0,0.002395019633695483,-0.0005987549084238708,0.0,0.04550537094473839,9.770482063293457,0.004790039267390966
4850444386,0,0.002395019633695483,0.0,0.0005987549084238708,0.007185058668255806,9.795629501342773,0.004790039267390966
4851378312,0,0.0017962646670639515,-0.0005987549084238708,0.0011975098168477416,0.02395019493997097,9.793234825134277,-0.05388794094324112
4852820033,0,0.0017962646670639515,-0.0005987549084238708,0.0,-0.0011975098168477416,9.786049842834473,0.002395019633695483
4869650658,0,0.0011975098168477416,-0.0005987549084238708,0.0005987549084238708,-0.02395019493997097,9.814789772033691,-0.003592529334127903
4869688037,0,0.002395019633695483,-0.0005987549084238708,0.0005987549084238708,0.015567626804113388,9.778864860534668,-0.019160157069563866
4902608839,0,0.002395019633695483,-0.0005987549084238708,0.0005987549084238708,0.004790039267390966,9.818382263183594,0.002395019633695483
4902648543,0,0.0017962646670639515,0.0,0.0,0.029937744140625,9.762099266052246,-0.0059875487349927425
4949552756,0,0.0011975098168477416,0.0,0.0,0.011975097469985485,9.824370384216309,-0.022752685472369194
4970278142,0,0.0017962646670639515,0.0,0.0,-0.002395019633695483,9.783655166625977,0.011975097469985485
4970315742,0,0.002395019633695483,-0.0005987549084238708,0.0,0.015567626804113388,9.768087387084961,-0.03353027254343033
4970333625,0,0.002395019633695483,0.0,0.0005987549084238708,0.007185058668255806,9.760902404785156,0.01796264573931694
4970353221,0,0.002395019633695483,0.0,0.0,-0.013172607868909836,9.801617622375488,0.003592529334127903
4970369131,0,0.0017962646670639515,0.0,-0.0005987549084238708,0.014370117336511612,9.799221992492676,-0.013172607868909836
4970441125,0,0.002395019633695483,0.0,-0.0005987549084238708,0.043110352009534836,9.776470184326172,0.014370117336511612
4970460902,0,0.002395019633695483,0.0,0.0005987549084238708,0.05029540881514549,9.735754013061523,-0.021555176004767418
5001576067,0,0.0017962646670639515,-0.0005987549084238708,0.0005987549084238708,0.01796264573931694,9.821974754333496,-0.010777588002383709
5001882817,0,0.0017962646670639515,0.0,0.0,0.04550537094473839,9.756112098693848,-0.02395019493997097
5003203843,0,0.0017962646670639515,0.0,0.0,0.061072997748851776,9.79682731628418,-0.004790039267390966
5005222847,0,0.002395019633695483,0.0,0.0005987549084238708,0.014370117336511612,9.817185401916504,-0.019160157069563866
5006474304,0,0.0029937743674963713,-0.0005987549084238708,0.0005987549084238708,0.015567626804113388,9.813592910766602,-0.021555176004767418
5050384700,0,0.0017962646670639515,0.0,0.0005987549084238708,0.025147704407572746,9.819580078125,-0.011975097469985485
5070057720,0,0.0017962646670639515,-0.0005987549084238708,0.0,0.03592529147863388,9.848320007324219,0.011975097469985485
5070104016,0,0.0011975098168477416,0.0,0.0011975098168477416,0.049097899347543716,9.793234825134277,-0.03832031413912773
5070128922,0,0.0011975098168477416,-0.0005987549084238708,0.0,0.009580078534781933,9.783655166625977,-0.019160157069563866
5070151674,0,0.0017962646670639515,-0.0005987549084238708,0.0,0.046702880412340164,9.814789772033691,-0.019160157069563866
5102215904,0,0.0017962646670639515,0.0,0.0005987549084238708,0.007185058668255806,9.792037010192871,-0.025147704407572746
5102254786,0,0.0017962646670639515,0.0,-0.0005987549084238708,0.010777588002383709,9.817185401916504,0.004790039267390966
5103200996,0,0.0011975098168477416,0.0,0.0005987549084238708,0.011975097469985485,9.781259536743164,-0.004790039267390966
5104311831,0,0.0011975098168477416,-0.0005987549084238708,-0.0005987549084238708,0.020357666537165642,9.776470184326172,-0.008382568135857582
5105756698,0,0.0017962646670639515,-0.0005987549084238708,-0.0005987549084238708,0.013172607868909836,9.807604789733887,-0.009580078534781933
5150381873,0,0.0017962646670639515,0.0,-0.0005987549084238708,0.004790039267390966,9.79682731628418,-0.03592529147863388
5169146273,0,0.0029937743674963713,0.0,-0.0005987549084238708,0.011975097469985485,9.818382263183594,-0.0059875487349927425
5199879768,0,0.0011975098168477416,0.0,-0.0005987549084238708,0.03353027254343033,9.772876739501953,-0.015567626804113388
5200846466,0,0.0017962646670639515,-0.0005987549084238708,-0.0005987549084238708,0.019160157069563866,9.819580078125,0.028740234673023224
5201833581,0,0.0017962646670639515,0.0,0.0,0.029937744140625,9.84233283996582,0.004790039267390966
5203253441,0,0.0017962646670639515,0.0,0.0005987549084238708,0.04430786147713661,9.807604789733887,-0.019160157069563866
5205305657,0,0.0017962646670639515,0.0,0.0,0.004790039267390966,9.814789772033691,0.011975097469985485
5206212533,0,0.002395019633695483,-0.0005987549084238708,0.0,0.02395019493997097,9.783655166625977,-0.004790039267390966
5207366970,0,0.0017962646670639515,-0.0011975098168477416,-0.0011975098168477416,0.022752685472369194,9.772876739501953,-0.04191284254193306
5209213172,0,0.0011975098168477416,-0.0005987549084238708,-0.0005987549084238708,0.034727782011032104,9.790840148925781,-0.031135253608226776
5250444678,0,0.0029937743674963713,0.0,0.0,0.011975097469985485,9.83395004272461,-0.007185058668255806
5251406336,0,0.0011975098168477416,-0.0005987549084238708,0.0005987549084238708,0.05388794094324112,9.754914283752441,-0.019160157069563866
5269344329,0,0.002395019633695483,-0.0005987549084238708,0.0005987549084238708,0.029937744140625,9.8100004196167,-0.013172607868909836
5269386818,0,0.002395019633695483,0.0,-0.0005987549084238708,0.043110352009534836,9.787247657775879,-0.03712280094623566
5269398941,0,0.0017962646670639515,-0.0005987549084238708,-0.0005987549084238708,0.0646655261516571,9.798025131225586,-0.01796264573931694
5305258347,0,0.0017962646670639515,0.0,0.0005987549084238708,0.021555176004767418,9.795629501342773,-0.03353027254343033
5305303591,0,0.0017962646670639515,-0.0005987549084238708,-0.0005987549084238708,0.016765136271715164,9.778864860534668,-0.003592529334127903
5305327175,0,0.0017962646670639515,0.0,0.0,0.03233276307582855,9.8100004196167,-0.021555176004767418
5305343325,0,0.0011975098168477416,-0.0005987549084238708,0.0,0.04191284254193306,9.780062675476074,-0.034727782011032104
5305839918,0,0.002395019633695483,-0.0011975098168477416,0.0005987549084238708,0.027542725205421448,9.799221992492676,-0.004790039267390966
5370256783,0,0.0017962646670639515,0.0,0.0,0.015567626804113388,9.80521011352539,0.004790039267390966
5370300625,0,0.002395019633695483,0.0005987549084238708,0.0005987549084238708,0.025147704407572746,9.739346504211426,-0.016765136271715164
5370325311,0,0.0017962646670639515,-0.0005987549084238708,0.0005987549084238708,0.009580078534781933,9.821974754333496,0.040715333074331284
5370348153,0,0.0017962646670639515,-0.0011975098168477416,0.0005987549084238708,0.01796264573931694,9.789642333984375,-0.004790039267390966
5370368120,0,0.0017962646670639515,0.0,0.0,0.021555176004767418,9.780062675476074,-0.01796264573931694
5401754510,0,0.002395019633695483,-0.0011975098168477416,0.0011975098168477416,0.0011975098168477416,9.83395004272461,0.016765136271715164
5401890693,0,0.002395019633695483,0.0,0.0011975098168477416,0.002395019633695483,9.792037010192871,-0.009580078534781933
5403227348,0,0.0017962646670639515,0.0,0.0,-0.019160157069563866,9.788444519042969,-0.020357666537165642
5404294262,0,0.002395019633695483,-0.0005987549084238708,0.0,-0.015567626804113388,9.783655166625977,-0.002395019633695483
5405868298,0,0.002395019633695483,0.0,0.0005987549084238708,0.027542725205421448,9.728569030761719,-0.014370117336511612
5450443290,0,0.0017962646670639515,-0.0005987549084238708,0.0,0.020357666537165642,9.789642333984375,-0.002395019633695483
5469749197,0,0.002395019633695483,-0.0005987549084238708,0.0,0.027542725205421448,9.798025131225586,-0.004790039267390966
5469794401,0,0.0011975098168477416,0.0,0.0,0.002395019633695483,9.730964660644531,-0.03233276307582855
5469816673,0,0.002395019633695483,-0.0005987549084238708,-0.0005987549084238708,0.019160157069563866,9.78245735168457,0.009580078534781933
5469840006,0,0.0017962646670639515,0.0,-0.0005987549084238708,0.028740234673023224,9.775272369384766,-0.034727782011032104
5537755887,0,0.0017962646670639515,0.0005987549084238708,0.0,0.03712280094623566,9.79682731628418,-0.025147704407572746
5537802093,0,0.0017962646670639515,0.0,0.0,0.019160157069563866,9.815987586975098,-0.029937744140625
5537817311,0,0.002395019633695483,0.0,0.0005987549084238708,0.028740234673023224,9.77407455444336,-0.020357666537165642
5537831468,0,0.0011975098168477416,-0.0005987549084238708,0.0,0.03712280094623566,9.794432640075684,0.004790039267390966
5537845644,0,0.0017962646670639515,0.0,0.0011975098168477416,0.028740234673023224,9.770482063293457,-0.010777588002383709
